"","id","year_birth","education","marital_status","income","kidhome","teenhome","dt_customer","recency","mnt_wines","mnt_fruits","mnt_meat_products","mnt_fish_products","mnt_sweet_products","mnt_gold_prods","num_deals_purchases","num_web_purchases","num_catalog_purchases","num_store_purchases","num_web_visits_month","accepted_cmp3","accepted_cmp4","accepted_cmp5","accepted_cmp1","accepted_cmp2","complain","z_cost_contact","z_revenue","response"
"1",6182,1984,"Graduation","Together",26646,1,0,"10-02-2014",26,11,4,20,10,3,5,2,2,0,4,6,0,0,0,0,0,0,3,11,0
"2",4855,1974,"PhD","Together",30351,1,0,"06-06-2013",19,14,0,24,3,3,2,1,3,0,2,9,0,0,0,0,0,0,3,11,1
"3",1993,1949,"PhD","Married",58607,0,1,"23-12-2012",63,867,0,86,0,0,19,3,2,3,9,8,0,1,0,0,0,0,3,11,0
"4",1409,1951,"Graduation","Together",40689,0,1,"18-03-2013",69,270,3,27,39,6,99,7,7,1,5,8,0,0,0,0,0,0,3,11,0
"5",9422,1989,"Graduation","Married",38360,1,0,"31-05-2013",26,36,2,42,20,21,10,2,2,1,4,3,0,0,0,0,0,0,3,11,0
"6",2139,1975,"Master","Married",7500,1,0,"02-10-2013",19,3,1,10,3,2,12,3,2,0,3,5,0,0,0,0,0,0,3,11,0
"7",1371,1976,"Graduation","Single",79941,0,0,"28-06-2014",72,123,164,266,227,30,174,1,2,4,9,1,0,0,0,0,0,0,3,11,0
"8",1012,1952,"Graduation","Single",61823,0,1,"18-02-2013",26,523,7,134,37,14,169,4,8,2,10,7,0,0,0,0,0,0,3,11,0
"9",9369,1979,"2n Cycle","Single",88194,0,1,"19-03-2014",19,688,14,309,201,24,38,1,11,10,10,5,1,0,0,1,0,0,3,11,1
"10",4477,1958,"Graduation","Together",69096,0,1,"27-09-2013",4,247,49,159,7,82,109,1,5,2,10,4,0,0,0,0,0,0,3,11,0
"11",6312,1959,"Graduation","Married",65031,0,1,"17-03-2013",29,258,107,291,84,37,86,4,10,3,13,7,0,0,0,0,0,0,3,11,0
"12",1618,1965,"Graduation","Together",56046,0,0,"02-01-2013",9,577,0,64,0,0,51,2,10,1,8,8,1,0,0,0,0,0,3,11,1
"13",5346,1973,"2n Cycle","Married",23559,1,0,"03-07-2013",87,25,5,19,7,0,23,3,3,0,3,7,0,0,0,0,0,0,3,11,0
"14",771,1967,"Graduation","Together",54178,0,1,"21-01-2014",79,135,9,39,4,0,7,1,2,2,5,2,0,0,0,0,0,0,3,11,0
"15",7516,1983,"Graduation","Married",30096,1,0,"22-05-2014",30,5,3,11,12,5,9,1,2,0,3,6,0,0,0,0,0,0,3,11,0
"16",1016,1959,"PhD","Single",34554,0,1,"30-03-2014",43,41,1,6,2,0,5,2,2,0,3,6,0,0,0,0,0,0,3,11,0
"17",4518,1979,"Graduation","Together",85693,0,1,"20-04-2013",59,386,172,183,185,132,111,2,9,5,11,5,0,0,0,0,0,0,3,11,0
"18",7431,1991,"PhD","Single",68126,0,0,"10-11-2012",40,1332,17,311,23,51,86,1,7,4,5,9,0,1,0,0,0,0,3,11,1
"19",3267,1963,"Master","Together",57288,0,1,"25-06-2014",27,527,0,21,0,0,60,3,8,1,8,6,0,1,0,0,0,0,3,11,0
"20",6205,1967,"Master","Single",32557,1,0,"24-02-2014",13,34,3,29,0,4,10,3,2,1,3,5,0,0,0,0,0,0,3,11,1
"21",11071,1984,"Graduation","Single",79607,0,0,"21-04-2013",37,450,133,951,173,0,216,1,3,6,6,1,0,0,0,0,0,0,3,11,1
"22",5342,1976,"Basic","Divorced",9548,1,0,"08-08-2012",31,0,1,3,10,6,9,2,1,0,3,8,0,0,0,0,0,0,3,11,0
"23",9579,1959,"PhD","Married",33762,2,1,"07-07-2013",61,53,1,34,2,0,16,3,2,2,2,8,0,0,0,0,0,0,3,11,0
"24",8690,1962,"Graduation","Married",86111,0,0,"19-04-2013",73,399,28,756,36,40,126,1,5,7,10,2,0,0,0,0,0,0,3,11,0
"25",2937,1974,"PhD","Single",68352,0,1,"28-08-2013",47,614,16,132,43,33,33,3,8,5,9,6,0,0,0,0,0,0,3,11,0
"26",9701,1988,"Graduation","Together",41883,1,0,"19-03-2013",13,32,34,41,73,16,116,3,4,2,3,7,0,0,0,0,0,0,3,11,0
"27",7055,1952,"PhD","Together",61010,0,1,"09-10-2012",57,888,0,57,0,0,76,2,8,5,11,5,0,0,0,0,0,0,3,11,0
"28",8182,1984,"Graduation","Married",23228,1,0,"05-01-2014",91,53,3,49,7,4,5,4,3,0,4,8,0,0,0,0,0,0,3,11,0
"29",10573,1953,"Graduation","Divorced",62551,0,0,"18-11-2013",27,125,16,98,134,21,27,1,6,7,4,3,1,0,0,0,0,0,3,11,0
"30",6637,1988,"Graduation","Single",66951,0,0,"02-11-2013",46,277,162,305,173,76,124,1,3,4,7,1,0,0,0,0,0,0,3,11,0
"31",3152,1957,"Graduation","Together",26091,1,1,"25-02-2014",84,15,10,19,8,17,20,3,2,1,3,5,0,0,0,0,0,0,3,11,0
"32",1349,1970,"Graduation","Married",50447,2,0,"21-04-2014",4,85,7,24,2,3,27,1,3,1,3,6,0,0,0,0,0,0,3,11,0
"33",10854,1970,"PhD","Married",38853,1,1,"23-05-2014",90,29,0,14,0,0,2,2,2,0,3,7,0,0,0,0,0,0,3,11,0
"34",10562,1946,"Master","Married",66835,0,0,"28-09-2013",21,620,26,195,34,17,141,1,6,4,13,2,0,0,0,0,0,0,3,11,0
"35",3934,1966,"Graduation","Married",61286,0,1,"02-08-2013",34,356,0,107,19,9,117,2,7,1,8,5,0,0,0,0,0,0,3,11,0
"36",9938,1954,"Graduation","Married",80067,0,0,"19-09-2013",82,519,17,813,27,173,51,1,4,6,6,2,0,0,1,0,0,0,3,11,0
"37",6927,1968,"PhD","Married",44377,1,1,"05-10-2012",70,224,0,30,0,0,10,8,5,1,5,8,0,0,0,0,0,0,3,11,0
"38",6274,1948,"Master","Married",83790,0,0,"15-11-2013",81,1076,16,417,42,48,16,1,8,10,6,3,0,1,1,0,0,0,3,11,0
"39",454,1980,"Graduation","Together",69508,1,0,"14-11-2012",48,824,32,162,42,32,43,2,11,4,11,6,0,0,0,0,0,0,3,11,0
"40",3726,1986,"PhD","Together",34320,1,0,"16-02-2014",66,4,1,9,3,0,0,1,1,0,2,8,0,0,0,0,0,0,3,11,0
"41",5341,1962,"2n Cycle","Divorced",81975,0,1,"05-01-2013",2,983,76,184,180,138,27,1,6,3,4,7,0,0,1,0,0,0,3,11,0
"42",9617,1951,"Graduation","Single",15033,0,0,"16-04-2014",37,0,4,5,6,0,4,1,1,0,3,3,0,0,0,0,0,0,3,11,0
"43",7297,1973,"Graduation","Single",7500,1,0,"26-12-2013",54,5,3,10,12,7,20,4,3,1,3,7,0,0,0,0,0,0,3,11,0
"44",313,1968,"Graduation","Widow",73455,0,0,"28-10-2013",98,901,61,757,186,163,20,1,6,5,10,3,0,1,0,0,0,0,3,11,0
"45",9265,1953,"Graduation","Married",75027,0,1,"09-01-2013",74,925,64,179,133,12,77,2,9,4,6,5,0,0,0,0,0,0,3,11,0
"46",8932,1969,"Master","Together",65176,0,1,"29-10-2012",57,960,28,183,220,70,70,4,9,6,6,6,0,0,0,0,0,0,3,11,0
"47",10992,1967,"Graduation","Together",75702,1,1,"29-08-2012",77,650,28,353,45,42,30,5,4,6,11,8,0,0,0,0,0,0,3,11,0
"48",2661,1964,"Graduation","Single",18701,1,1,"04-06-2013",95,12,4,2,10,6,10,4,2,0,4,5,0,0,0,0,0,0,3,11,0
"49",1184,1968,"PhD","Divorced",69674,0,2,"22-05-2013",46,554,41,215,11,0,24,3,10,2,10,5,0,0,0,0,0,0,3,11,0
"50",4200,1970,"Master","Married",44159,1,0,"17-06-2014",85,167,2,62,24,13,7,4,4,1,6,5,0,0,0,0,0,0,3,11,0
"51",2387,1952,"Master","Together",43776,1,1,"03-02-2013",9,177,2,71,3,2,20,6,5,2,4,8,0,0,0,0,0,0,3,11,1
"52",9703,1970,"PhD","Married",38097,1,1,"15-10-2012",70,77,2,35,0,1,69,4,3,2,2,7,1,0,0,0,0,0,3,11,1
"53",4557,1970,"Graduation","Together",22070,1,0,"04-10-2013",11,10,7,19,8,2,21,2,2,2,2,6,0,0,0,0,0,0,3,11,0
"54",3762,1986,"PhD","Single",69867,0,0,"02-04-2013",30,196,0,512,33,130,54,1,3,5,8,1,0,0,0,1,0,0,3,11,1
"55",4543,1980,"Graduation","Married",82497,0,0,"31-10-2012",32,777,129,573,216,21,203,1,2,7,9,4,0,0,1,0,0,0,3,11,0
"56",10451,1965,"Graduation","Together",29672,1,1,"12-03-2013",6,9,1,3,0,4,8,1,0,0,3,6,0,0,0,0,0,0,3,11,0
"57",2874,1988,"2n Cycle","Divorced",35388,1,0,"07-03-2013",20,6,4,7,4,3,8,1,1,0,3,7,0,0,0,0,0,0,3,11,0
"58",7119,1982,"Graduation","Single",68627,0,0,"12-01-2013",45,395,15,263,60,54,38,1,2,3,6,1,0,0,0,0,0,0,3,11,0
"59",10812,1978,"PhD","Married",46377,1,0,"01-03-2014",89,37,0,46,4,3,0,1,2,1,3,4,0,0,0,0,0,0,3,11,0
"60",1717,1988,"Graduation","Single",39747,1,0,"13-04-2014",43,80,15,93,20,13,52,3,5,1,4,8,0,0,0,0,0,0,3,11,0
"61",9491,1984,"Graduation","Together",23976,1,0,"27-12-2013",68,14,1,21,2,3,25,3,3,1,3,7,0,0,0,0,0,0,3,11,0
"62",1379,1992,"Master","Together",42670,0,0,"27-04-2013",12,154,2,46,20,4,15,1,4,2,4,4,0,0,0,0,0,0,3,11,0
"63",231,1956,"Master","Together",28839,1,1,"11-03-2014",86,24,0,7,0,0,1,2,2,0,3,5,0,0,0,0,0,0,3,11,0
"64",113,1951,"Graduation","Married",30833,1,1,"16-07-2013",33,11,0,7,3,1,6,2,1,0,3,5,0,0,0,0,0,0,3,11,0
"65",9750,1961,"PhD","Divorced",64325,0,1,"07-02-2013",41,731,60,353,78,12,73,5,10,3,5,7,0,0,0,0,0,0,3,11,0
"66",2861,1983,"Graduation","Single",24072,1,0,"16-04-2013",79,9,1,6,3,0,4,1,1,0,2,8,0,0,0,0,0,0,3,11,0
"67",10172,1988,"Graduation","Single",68655,0,0,"10-08-2012",95,456,19,832,75,118,38,1,4,5,11,3,0,0,0,0,0,0,3,11,0
"68",11030,1976,"Master","Married",33181,1,0,"03-01-2014",90,9,0,3,0,0,4,1,1,0,2,6,1,0,0,0,0,0,3,11,0
"69",6201,1978,"Graduation","Single",38643,1,1,"29-11-2013",45,22,2,14,0,1,10,2,2,0,3,7,0,0,0,0,0,1,3,11,0
"70",5837,1967,"Graduation","Married",51479,1,1,"28-12-2012",67,247,8,160,6,8,65,7,6,3,6,7,0,0,0,0,0,0,3,11,0
"71",10704,1969,"Graduation","Single",54803,0,1,"21-08-2012",65,404,0,92,28,27,142,2,6,2,9,4,0,0,0,0,0,0,3,11,0
"72",10703,1975,"Master","Single",46098,1,1,"18-08-2012",86,57,0,27,0,0,36,4,3,2,2,8,0,0,0,0,0,0,3,11,0
"73",6878,1954,"Graduation","Widow",27421,0,0,"12-12-2012",14,43,12,96,78,40,55,3,4,1,6,7,0,0,0,0,0,0,3,11,0
"74",948,1971,"Graduation","Single",10245,1,0,"15-05-2013",32,4,7,7,6,4,13,3,1,2,2,5,0,0,0,0,0,0,3,11,0
"75",6720,1968,"Master","Together",43795,0,1,"16-10-2013",11,314,11,53,4,3,107,3,7,3,4,7,0,1,0,0,0,0,3,11,1
"76",5642,1979,"Master","Together",62499,1,0,"09-12-2013",0,140,4,61,0,13,4,2,3,1,6,4,0,0,0,0,0,0,3,11,0
"77",7683,1968,"Master","Married",70777,0,1,"25-02-2014",80,554,35,113,0,7,78,3,5,3,12,3,0,0,0,0,0,0,3,11,0
"78",9999,1965,"Graduation","Together",75276,0,0,"27-09-2012",2,610,105,125,137,42,21,1,9,4,9,5,0,0,0,0,0,0,3,11,0
"79",9973,1963,"Graduation","Married",50437,0,2,"17-10-2012",28,370,9,92,6,9,4,3,7,1,8,7,0,0,0,0,0,0,3,11,0
"80",7301,1982,"2n Cycle","Single",23616,1,0,"17-11-2012",76,4,22,11,3,7,32,2,3,0,3,8,0,0,0,0,0,0,3,11,1
"81",6504,1975,"2n Cycle","Together",19789,1,0,"20-11-2013",24,2,5,9,28,6,28,3,2,1,3,5,1,0,0,0,0,0,3,11,0
"82",8581,1971,"Master","Married",49505,1,1,"05-03-2013",4,604,0,100,19,0,28,9,10,2,8,8,0,0,0,0,0,0,3,11,0
"83",6932,1941,"PhD","Married",93027,0,0,"13-04-2013",77,1285,42,716,55,0,21,0,7,10,5,2,0,0,1,0,0,0,3,11,0
"84",3767,1968,"Graduation","Married",61314,0,1,"25-04-2013",1,378,0,189,97,172,172,2,5,5,12,3,0,0,0,0,0,0,3,11,0
"85",3725,1961,"PhD","Single",84865,0,0,"09-05-2013",1,1248,16,349,43,16,16,1,2,4,9,4,0,1,1,1,1,0,3,11,1
"86",10664,1949,"Master","Widow",51529,0,1,"07-09-2013",14,400,4,35,6,0,22,2,9,1,5,8,0,0,0,0,0,0,3,11,0
"87",456,1986,"2n Cycle","Married",7500,1,0,"07-02-2013",96,1,11,5,4,6,9,2,2,0,3,8,0,0,0,0,0,0,3,11,0
"88",2106,1974,"2n Cycle","Married",20130,0,0,"17-03-2014",99,0,6,3,7,6,12,1,1,0,3,8,0,0,0,0,0,0,3,11,0
"89",1142,1953,"PhD","Married",55707,0,1,"22-12-2013",91,208,7,82,30,66,35,2,3,2,9,3,0,0,0,0,0,0,3,11,0
"90",2276,1955,"Graduation","Single",57959,0,1,"02-05-2013",71,430,16,322,43,24,33,5,4,7,11,3,0,0,0,0,0,0,3,11,0
"91",6233,1976,"Graduation","Married",65991,0,1,"07-09-2012",21,507,19,364,25,47,9,3,9,5,10,7,0,0,0,0,0,0,3,11,0
"92",8594,1958,"PhD","Widow",50520,0,1,"28-01-2014",25,112,0,6,2,1,14,2,3,1,3,6,0,0,0,0,0,0,3,11,0
"93",2815,1975,"Graduation","Married",33183,1,0,"24-02-2014",46,7,5,39,17,15,37,2,4,0,3,7,0,0,0,0,0,0,3,11,0
"94",2416,1969,"PhD","Single",66582,0,0,"03-03-2014",83,789,25,420,16,38,0,1,2,8,9,1,0,0,0,0,0,0,3,11,0
"95",7999,1955,"PhD","Together",75261,0,0,"23-04-2013",17,1239,17,413,23,34,17,1,5,6,5,2,0,1,1,0,0,0,3,11,1
"96",9213,1970,"Graduation","Widow",31880,1,0,"31-10-2012",13,4,1,5,2,0,3,1,1,0,2,8,0,0,0,0,0,0,3,11,0
"97",10581,1977,"Graduation","Married",41124,1,0,"31-10-2012",41,281,7,84,15,0,119,7,7,3,4,8,0,0,0,0,0,0,3,11,0
"98",5172,1976,"Master","Together",65104,0,1,"14-11-2013",4,738,0,232,13,20,50,2,3,5,7,7,0,0,0,0,0,0,3,11,0
"99",466,1944,"Graduation","Married",65275,0,0,"03-04-2013",9,388,14,218,91,14,21,1,4,3,13,2,0,0,0,0,0,0,3,11,0
"100",10623,1961,"Master","Together",48330,0,1,"15-11-2013",2,28,0,4,0,0,0,1,1,0,3,5,0,0,0,0,0,0,3,11,0
"101",203,1975,"Master","Single",81169,0,0,"14-04-2013",47,1288,20,613,80,61,27,1,5,7,9,2,0,0,0,0,0,0,3,11,0
"102",3711,1944,"Master","Married",80184,0,0,"01-03-2014",19,1035,134,670,25,38,0,1,6,3,10,3,0,0,1,1,0,0,3,11,0
"103",35,1987,"Graduation","Married",25545,1,0,"08-09-2012",35,32,1,64,16,12,85,3,2,2,3,6,0,0,0,0,0,0,3,11,1
"104",4322,1958,"PhD","Together",77863,0,0,"27-11-2013",20,881,38,319,16,25,12,1,4,5,10,2,0,0,0,0,0,0,3,11,0
"105",3281,1960,"PhD","Married",49154,1,1,"03-11-2013",69,206,10,67,30,27,71,6,4,1,8,6,0,0,0,0,0,0,3,11,0
"106",1991,1967,"Graduation","Together",44931,0,1,"18-01-2014",0,78,0,11,0,0,7,1,2,1,3,5,0,0,0,0,0,0,3,11,0
"107",2256,1973,"Master","Married",27159,1,1,"29-03-2014",33,17,0,3,0,0,1,2,1,0,3,6,0,0,0,0,0,0,3,11,0
"108",4279,1963,"2n Cycle","Single",39548,1,1,"31-03-2014",87,15,4,10,3,4,18,2,1,1,3,3,0,0,0,0,0,0,3,11,0
"109",9504,1949,"Master","Married",81698,0,0,"06-11-2013",4,179,28,520,111,123,47,1,3,8,13,1,0,0,0,0,0,0,3,11,1
"110",7369,1981,"Master","Married",36959,1,0,"02-10-2013",56,25,6,25,6,0,0,2,2,0,3,8,0,0,0,0,0,0,3,11,0
"111",5314,1951,"Graduation","Together",40689,0,1,"18-03-2013",69,270,3,27,39,6,99,7,7,1,5,8,0,0,0,0,0,0,3,11,0
"112",3710,1984,"PhD","Single",39684,1,0,"12-10-2012",41,19,0,35,6,4,17,2,2,1,2,7,0,0,0,0,0,1,3,11,1
"113",3075,1972,"PhD","Married",59973,0,0,"11-09-2013",47,130,30,168,20,34,0,1,3,4,7,1,0,0,0,0,0,0,3,11,0
"114",10277,1961,"Graduation","Single",30081,0,1,"21-02-2013",27,36,0,2,0,0,4,1,1,0,3,7,0,0,0,0,0,0,3,11,0
"115",2453,1960,"Graduation","Together",62807,0,1,"31-08-2012",83,526,28,135,10,21,99,3,5,3,12,5,0,0,0,0,0,0,3,11,0
"116",7141,1986,"Master","Single",21888,1,0,"29-12-2012",15,88,10,46,2,3,64,4,5,1,2,10,0,0,0,0,0,0,3,11,1
"117",988,1965,"Graduation","Married",81168,0,0,"07-05-2014",84,410,0,592,147,22,22,1,6,4,7,3,0,0,0,1,0,0,3,11,0
"118",7930,1969,"Master","Single",26877,0,0,"19-08-2013",74,101,13,76,20,18,40,2,3,1,6,6,0,0,0,0,0,0,3,11,0
"119",10862,1960,"Master","Married",30522,0,1,"17-08-2012",6,179,8,83,19,11,26,5,1,2,9,2,0,0,0,0,0,0,3,11,0
"120",10972,1949,"Graduation","Widow",72298,0,0,"10-03-2014",52,625,35,169,58,17,35,1,4,3,6,1,0,1,1,0,0,0,3,11,0
"121",6583,1955,"2n Cycle","Married",72635,0,0,"03-06-2013",54,390,22,323,104,35,107,1,6,8,6,3,0,0,0,1,0,0,3,11,0
"122",3469,1977,"PhD","Divorced",34487,1,1,"06-09-2012",94,19,18,33,24,1,8,3,3,0,3,9,0,0,0,0,0,0,3,11,0
"123",9624,1958,"PhD","Together",65488,0,0,"13-06-2014",46,603,45,207,36,18,54,1,3,4,6,1,0,0,0,0,0,0,3,11,0
"124",1907,1950,"Master","Divorced",63120,0,1,"28-09-2012",53,965,69,279,54,41,69,5,8,4,9,7,0,0,0,0,0,0,3,11,1
"125",701,1971,"Graduation","Married",73691,0,1,"06-11-2013",58,707,21,250,85,43,73,2,6,2,8,2,1,0,0,0,0,0,3,11,0
"126",4149,1948,"PhD","Together",76140,0,0,"13-05-2014",57,586,66,653,17,0,26,1,5,9,6,2,0,0,0,0,0,0,3,11,0
"127",4611,1970,"Graduation","Together",105471,0,0,"21-01-2013",36,1009,181,104,202,21,207,0,9,8,13,3,0,0,1,1,0,0,3,11,1
"128",4248,1960,"Master","Single",98777,0,0,"17-02-2014",23,1000,19,711,125,115,38,0,4,6,9,1,0,1,0,0,0,0,3,11,0
"129",6728,1985,"Graduation","Together",29103,1,0,"27-08-2012",38,16,0,17,6,3,6,2,1,0,3,9,0,0,0,0,0,0,3,11,0
"130",2564,1953,"Graduation","Together",61278,0,1,"04-01-2014",87,111,3,28,2,6,15,2,3,1,4,6,0,0,0,0,0,0,3,11,0
"131",5084,1975,"Graduation","Widow",58330,0,1,"25-12-2013",87,445,53,213,104,98,151,1,6,4,13,4,0,0,0,0,0,0,3,11,0
"132",8754,1974,"PhD","Together",45068,0,1,"16-05-2013",25,14,0,3,0,0,3,1,1,0,2,7,0,0,0,0,0,0,3,11,0
"133",7426,1971,"2n Cycle","Married",54690,1,1,"07-11-2013",76,111,16,37,7,9,18,3,3,1,5,3,0,0,0,0,0,0,3,11,0
"134",9204,1970,"Graduation","Widow",66731,0,1,"12-09-2012",33,371,159,194,58,106,141,4,4,3,6,3,0,0,0,0,0,0,3,11,0
"135",4301,1971,"Master","Married",35178,1,0,"10-01-2013",10,23,1,13,2,2,18,1,1,1,2,7,1,0,0,0,0,0,3,11,1
"136",10159,1970,"Graduation","Divorced",58710,0,1,"31-03-2013",77,440,81,368,0,122,174,6,11,5,9,6,0,0,0,0,0,0,3,11,0
"137",4692,1976,"Graduation","Married",7500,1,0,"01-08-2012",19,7,0,12,13,7,32,5,4,1,2,9,1,0,0,0,0,0,3,11,1
"138",610,1953,"PhD","Together",53593,1,1,"07-08-2012",60,349,4,78,6,0,43,8,7,2,6,8,0,0,0,0,0,0,3,11,0
"139",5956,1948,"PhD","Divorced",45072,1,2,"16-10-2013",74,144,2,99,7,2,30,5,6,1,4,8,0,0,0,0,0,0,3,11,0
"140",5682,1953,"PhD","Single",64108,0,1,"23-03-2013",8,948,10,86,13,21,21,4,6,9,11,5,0,0,0,0,0,0,3,11,0
"141",7458,1956,"Master","Together",34941,1,1,"06-03-2013",26,39,2,25,4,3,24,2,3,0,3,8,0,0,0,0,0,0,3,11,0
"142",5278,1964,"Graduation","Married",82224,0,0,"25-01-2014",83,307,26,360,138,31,40,1,6,9,5,3,0,0,0,1,0,0,3,11,0
"143",4073,1954,"2n Cycle","Married",63564,0,0,"29-01-2014",0,769,80,252,15,34,65,1,10,10,7,6,1,0,0,0,0,0,3,11,1
"144",7938,1958,"PhD","Together",51518,0,1,"03-10-2013",92,350,8,66,17,4,4,2,3,2,10,3,0,0,0,0,0,0,3,11,0
"145",7094,1975,"Graduation","Widow",58330,0,1,"25-12-2013",87,445,53,213,104,98,151,1,6,4,13,4,0,0,0,0,0,0,3,11,0
"146",4012,1972,"PhD","Together",62220,0,1,"11-08-2012",55,799,12,375,16,12,12,5,7,6,5,6,0,0,0,0,0,0,3,11,1
"147",6488,1959,"PhD","Married",38829,0,1,"06-04-2014",86,76,0,7,0,0,16,1,3,2,2,5,0,0,0,0,0,0,3,11,0
"148",8786,1956,"Master","Married",62058,0,1,"26-05-2013",52,301,7,74,10,0,58,4,6,1,7,6,0,0,0,0,0,0,3,11,0
"149",3194,1974,"PhD","Single",71466,0,0,"05-04-2014",86,412,12,546,78,182,0,1,4,4,10,1,0,0,0,0,0,0,3,11,0
"150",10839,1976,"Graduation","Together",36283,1,1,"14-04-2014",42,6,5,5,8,0,5,2,1,0,3,4,0,0,0,0,0,0,3,11,0
"151",1135,1960,"Master","Together",17144,1,1,"15-02-2014",96,18,2,19,0,2,6,5,3,0,4,7,0,0,0,0,0,0,3,11,0
"152",199,1962,"Master","Single",45183,0,0,"20-01-2013",33,219,3,60,12,9,12,1,4,1,7,7,0,1,0,0,0,0,3,11,0
"153",8523,1968,"Graduation","Married",19329,1,0,"14-12-2013",39,24,1,16,12,2,5,3,4,0,3,8,0,0,0,0,0,0,3,11,0
"154",3483,1958,"Graduation","Married",48192,0,0,"06-04-2013",76,1039,43,204,153,58,29,3,2,8,12,8,0,1,0,1,1,0,3,11,1
"155",7034,1978,"2n Cycle","Married",25804,1,0,"01-09-2013",34,8,7,9,13,6,12,2,2,0,3,8,0,0,0,0,0,0,3,11,0
"156",9493,1980,"PhD","Single",76412,0,0,"05-05-2013",15,840,53,804,23,71,17,1,5,4,8,3,0,0,1,1,0,0,3,11,1
"157",10402,1967,"Graduation","Married",35441,1,1,"14-02-2013",94,25,1,9,2,1,1,2,1,0,3,8,0,0,0,0,0,0,3,11,0
"158",5332,1960,"2n Cycle","Married",82504,0,0,"27-07-2013",2,362,50,431,134,35,54,1,3,6,7,1,0,0,0,0,0,0,3,11,0
"159",10262,1980,"Graduation","Married",15072,2,0,"10-05-2013",96,8,2,15,0,10,18,4,3,1,3,5,0,0,0,0,0,0,3,11,0
"160",7848,1974,"Graduation","Single",49166,0,1,"13-06-2013",17,224,2,25,7,0,110,2,5,3,3,6,0,0,0,0,0,0,3,11,0
"161",5794,1974,"PhD","Married",46374,0,1,"17-03-2014",1,408,0,21,0,0,17,3,7,1,7,8,0,1,0,1,0,0,3,11,1
"162",1456,1979,"Graduation","Single",60474,0,1,"01-04-2013",25,265,199,303,234,9,170,7,10,2,12,7,0,0,0,0,0,0,3,11,0
"163",1031,1989,"2n Cycle","Married",85710,0,0,"05-05-2013",5,600,20,350,29,30,33,1,6,9,10,2,0,0,1,0,0,0,3,11,0
"164",807,1969,"Master","Together",44602,1,1,"15-02-2014",35,167,2,89,0,0,34,6,6,1,4,8,0,0,0,0,0,0,3,11,0
"165",8443,1972,"Graduation","Single",24762,1,0,"10-02-2014",16,6,10,12,3,15,40,3,3,1,2,8,1,0,0,0,0,0,3,11,1
"166",9224,1972,"PhD","Single",55260,0,1,"12-12-2012",81,825,8,53,11,0,242,2,8,10,5,6,0,0,0,0,0,0,3,11,0
"167",5519,1956,"Graduation","Together",64090,0,1,"07-08-2013",8,316,58,161,76,51,135,1,6,9,4,5,0,0,0,0,0,0,3,11,1
"168",11074,1977,"Graduation","Single",85072,0,0,"09-04-2014",94,494,92,391,194,11,241,1,3,4,10,0,0,0,0,0,0,0,3,11,0
"169",1968,1971,"Graduation","Widow",45684,1,0,"02-12-2013",37,5,1,5,10,0,7,1,1,0,2,7,0,0,0,0,0,0,3,11,0
"170",9485,1986,"PhD","Married",45921,0,0,"10-03-2014",23,102,9,49,24,3,12,1,2,1,6,4,0,0,0,0,0,0,3,11,0
"171",7053,1966,"PhD","Single",78420,0,0,"29-06-2013",75,604,28,674,91,28,28,1,3,10,8,1,0,0,0,0,0,0,3,11,0
"172",4654,1992,"Graduation","Together",75114,0,0,"07-11-2013",40,571,12,523,63,60,24,1,3,10,5,2,0,0,0,0,0,0,3,11,0
"173",9760,1963,"PhD","Widow",52278,0,1,"25-01-2013",24,953,0,71,0,0,174,6,10,5,10,8,0,0,0,0,0,0,3,11,1
"174",10505,1960,"Master","Together",73113,0,0,"26-12-2013",86,741,19,154,50,9,28,1,3,4,7,2,0,0,0,0,0,0,3,11,0
"175",10673,1976,"PhD","Married",68397,0,1,"17-11-2013",6,760,80,466,17,13,80,1,6,9,5,3,0,0,0,0,0,0,3,11,0
"176",1628,1971,"Graduation","Together",71796,0,0,"24-10-2013",54,354,21,311,167,75,32,1,9,3,4,4,0,0,0,0,0,0,3,11,0
"177",8957,1952,"2n Cycle","Single",64831,1,1,"10-06-2013",51,480,86,249,75,86,144,8,6,3,5,6,0,0,0,0,0,0,3,11,0
"178",4128,1962,"PhD","Together",56067,0,1,"20-07-2013",51,517,12,54,16,6,120,2,7,4,7,5,0,0,0,0,0,0,3,11,0
"179",6387,1976,"PhD","Together",52190,1,1,"08-05-2014",39,42,0,17,0,0,18,3,2,1,3,5,1,0,0,0,0,0,3,11,0
"180",5633,1980,"Graduation","Married",50183,1,1,"25-06-2014",47,97,12,84,13,10,15,7,3,1,6,5,0,0,0,0,0,0,3,11,0
"181",1734,1968,"PhD","Together",40706,2,1,"17-01-2013",37,59,0,11,4,2,5,4,3,0,4,7,0,0,0,0,0,0,3,11,0
"182",6357,1959,"2n Cycle","Divorced",59052,0,1,"17-11-2013",29,230,35,75,63,57,31,3,7,1,7,5,0,0,0,0,0,0,3,11,0
"183",2611,1959,"Master","Together",82576,0,0,"01-08-2012",66,1206,55,445,168,18,18,1,2,4,12,1,0,0,1,0,0,0,3,11,0
"184",3056,1978,"Graduation","Divorced",63693,0,1,"14-10-2013",63,587,43,337,42,87,54,3,11,6,9,6,0,0,0,0,0,0,3,11,0
"185",5718,1950,"Graduation","Married",80763,0,0,"15-08-2013",17,674,168,108,192,42,231,1,5,11,6,3,0,0,1,1,0,0,3,11,1
"186",5184,1995,"Graduation","Single",34824,0,0,"26-03-2014",65,4,2,11,2,0,4,1,1,0,2,6,0,0,0,0,0,0,3,11,0
"187",8492,1978,"Graduation","Together",75437,0,0,"09-11-2013",25,795,0,545,95,58,0,1,8,4,10,6,0,0,0,1,0,0,3,11,0
"188",6374,1954,"PhD","Married",36930,0,1,"17-05-2013",50,223,2,31,0,2,39,5,5,2,4,8,0,0,0,0,0,0,3,11,0
"189",7453,1954,"Graduation","Single",36130,0,1,"02-02-2013",46,157,43,127,68,56,37,6,3,8,4,4,1,0,0,0,0,0,3,11,1
"190",5723,1976,"PhD","Together",49187,0,1,"11-01-2014",63,81,1,31,2,1,0,1,1,1,5,2,0,0,0,0,0,0,3,11,0
"191",5313,1971,"Master","Married",38196,1,1,"18-04-2014",20,30,0,11,0,0,3,3,2,0,4,5,0,0,0,0,0,0,3,11,0
"192",2445,1974,"PhD","Together",28440,1,0,"07-07-2013",87,38,1,24,0,0,0,1,2,0,3,8,0,0,0,0,0,0,3,11,0
"193",4240,1978,"Graduation","Married",17345,1,0,"03-11-2012",79,4,9,16,17,0,12,2,2,1,2,8,0,0,0,0,0,0,3,11,0
"194",10175,1958,"PhD","Divorced",32173,0,1,"01-08-2013",0,18,0,2,0,0,2,1,1,0,3,4,0,0,0,0,0,0,3,11,0
"195",1020,1973,"Graduation","Married",79593,0,0,"12-05-2014",70,350,60,568,110,133,145,1,5,6,7,2,0,0,1,0,0,0,3,11,0
"196",9503,1980,"Graduation","Single",28071,0,0,"29-08-2012",65,39,33,130,41,26,44,2,5,1,5,8,0,0,0,0,0,0,3,11,0
"197",10613,1958,"PhD","Together",37334,1,1,"26-02-2014",44,26,1,16,2,2,15,4,3,0,4,4,0,0,0,0,0,0,3,11,0
"198",5863,1953,"Graduation","Married",47703,0,1,"29-05-2013",95,359,0,134,13,26,123,4,6,3,8,5,0,0,0,0,0,0,3,11,0
"199",5985,1965,"Master","Single",33168,0,1,"13-10-2012",0,80,1,37,0,1,3,3,2,1,4,7,0,0,0,0,0,0,3,11,0
"200",966,1966,"Graduation","Married",44529,0,1,"05-07-2013",98,538,13,91,17,6,26,6,6,2,11,5,0,1,0,0,0,0,3,11,0
"201",9725,1966,"PhD","Together",28764,1,1,"05-06-2014",16,8,0,3,0,0,1,1,1,0,2,8,1,0,0,0,0,0,3,11,0
"202",5740,1970,"2n Cycle","Divorced",25959,1,1,"14-02-2013",1,4,2,12,7,5,26,2,1,2,2,6,0,0,0,0,0,0,3,11,1
"203",5731,1983,"Master","Married",27100,1,0,"05-04-2013",64,12,0,13,2,0,10,1,1,0,3,7,0,0,0,0,0,0,3,11,0
"204",7290,1985,"Graduation","Single",70596,0,0,"05-10-2012",68,347,44,534,17,0,26,1,3,5,12,2,0,0,0,0,0,0,3,11,0
"205",3759,1958,"Graduation","Together",65196,0,2,"25-07-2013",34,743,19,181,12,0,200,2,7,6,11,5,1,0,0,0,0,0,3,11,0
"206",2055,1973,"PhD","Divorced",35860,1,1,"19-05-2014",37,15,0,8,4,2,20,2,1,1,2,5,1,0,0,0,0,0,3,11,0
"207",10766,1964,"PhD","Married",65526,0,1,"11-04-2014",22,397,19,69,12,0,9,1,4,4,8,2,0,0,0,0,0,0,3,11,0
"208",4817,1956,"Graduation","Divorced",22304,0,0,"04-08-2012",91,3,2,7,0,4,2,1,1,0,2,8,0,0,0,0,0,0,3,11,0
"209",2875,1978,"Graduation","Married",67023,0,0,"04-03-2014",93,444,44,382,11,8,17,1,3,7,13,2,0,0,0,0,0,1,3,11,0
"210",11112,1966,"Graduation","Together",70713,0,1,"03-12-2012",23,736,114,279,82,76,190,6,5,6,8,3,0,0,0,0,0,0,3,11,0
"211",3081,1978,"PhD","Married",41014,1,0,"22-04-2013",65,7,2,6,2,0,3,1,1,0,2,7,0,0,0,0,0,0,3,11,0
"212",3535,1965,"Graduation","Single",66294,0,0,"17-03-2014",68,251,108,334,65,92,117,1,4,3,5,2,0,0,0,0,0,0,3,11,0
"213",6466,1965,"PhD","Married",57236,1,1,"12-03-2014",22,105,0,9,2,1,4,3,2,1,4,3,0,0,0,0,0,0,3,11,0
"214",9964,1979,"Graduation","Single",61825,0,1,"07-08-2013",56,162,50,100,55,30,27,1,4,2,8,4,0,0,0,0,0,0,3,11,0
"215",6001,1979,"Graduation","Married",56775,0,1,"02-01-2013",62,614,35,160,58,35,35,2,5,8,10,5,0,0,0,0,0,0,3,11,0
"216",4444,1972,"Graduation","Married",30023,1,0,"24-03-2014",28,11,0,16,7,6,21,1,2,0,3,8,0,0,0,0,0,0,3,11,0
"217",146,1960,"PhD","Single",76045,0,0,"15-11-2013",78,760,53,400,17,93,0,1,4,5,11,2,0,0,0,1,0,0,3,11,0
"218",246,1965,"Graduation","Married",66480,1,1,"31-05-2014",71,199,9,57,20,21,6,7,4,1,7,4,0,0,0,0,0,0,3,11,0
"219",2320,1978,"2n Cycle","Married",47025,0,1,"12-09-2013",98,508,11,59,23,5,29,5,11,1,6,9,0,0,0,0,0,0,3,11,0
"220",850,1968,"Graduation","Single",70566,0,1,"06-10-2013",4,381,28,215,84,28,21,2,6,5,9,3,0,0,0,0,0,0,3,11,0
"221",2308,1954,"Graduation","Married",46734,0,1,"18-11-2012",40,110,5,137,26,23,29,2,6,1,5,7,0,0,0,0,0,0,3,11,0
"222",10617,1989,"Master","Divorced",10979,0,0,"22-05-2014",34,8,4,10,2,2,4,2,3,0,3,5,0,0,0,0,0,0,3,11,0
"223",11166,1961,"Graduation","Married",49678,0,1,"02-02-2013",81,229,5,56,3,2,20,2,6,2,4,7,0,0,0,0,0,0,3,11,0
"224",749,1981,"Graduation","Together",42162,1,0,"19-11-2013",31,46,7,59,2,4,27,2,3,1,3,6,1,0,0,0,0,0,3,11,1
"225",8310,1964,"Graduation","Together",68142,0,1,"29-08-2012",96,897,126,196,91,112,37,3,10,4,7,6,0,0,0,0,0,0,3,11,0
"226",2613,1960,"Master","Married",54197,0,1,"03-04-2014",16,162,6,37,6,13,13,2,1,3,6,1,0,0,0,0,0,0,3,11,0
"227",213,1963,"PhD","Single",23091,1,1,"28-05-2014",98,35,0,11,0,0,2,4,2,1,3,7,0,0,0,0,0,0,3,11,0
"228",640,1951,"Graduation","Married",57304,0,1,"11-03-2013",61,356,80,329,138,17,106,2,7,6,10,5,0,0,0,0,0,0,3,11,0
"229",8432,1956,"Graduation","Together",54450,1,1,"14-09-2012",0,454,0,171,8,19,32,12,9,2,8,8,0,0,0,0,0,0,3,11,0
"230",5922,1974,"PhD","Married",40344,0,1,"13-10-2013",48,210,0,6,0,0,2,2,4,1,5,7,0,0,0,0,0,0,3,11,0
"231",2918,1981,"Graduation","Divorced",28510,1,1,"13-04-2013",72,44,5,19,0,4,19,3,2,0,4,5,0,0,0,0,0,0,3,11,0
"232",2292,1985,"Graduation","Single",22327,1,0,"02-08-2013",94,5,4,8,2,0,5,1,1,0,3,5,0,0,0,0,0,0,3,11,0
"233",5231,1974,"2n Cycle","Married",45894,0,2,"27-02-2014",15,27,2,7,0,2,13,1,1,0,3,5,0,0,0,0,0,0,3,11,0
"234",2245,1969,"Master","Married",43641,1,1,"22-04-2013",50,57,2,51,4,2,23,3,2,1,4,6,0,0,0,0,0,0,3,11,0
"235",234,1979,"Graduation","Divorced",15287,1,0,"10-10-2012",60,1,2,8,4,3,13,2,1,1,2,7,1,0,0,0,0,0,3,11,1
"236",7192,1955,"Graduation","Together",65748,0,1,"15-04-2013",58,172,73,93,95,78,34,2,2,4,10,1,0,0,0,0,0,1,3,11,0
"237",3439,1972,"Graduation","Married",56721,1,1,"31-10-2012",64,157,6,39,6,13,75,5,4,1,5,6,0,0,0,0,0,0,3,11,0
"238",1506,1975,"Graduation","Single",42160,1,1,"28-06-2013",26,48,9,45,3,15,20,4,2,1,4,6,0,0,0,0,0,0,3,11,1
"239",10395,1986,"Basic","Single",8940,1,0,"22-08-2012",25,1,45,3,4,6,42,3,3,1,3,8,0,0,0,0,0,0,3,11,0
"240",833,1955,"Master","Married",38452,1,1,"30-03-2014",62,56,0,14,0,0,2,3,3,0,3,7,0,0,0,0,0,0,3,11,0
"241",7325,1986,"PhD","Together",38197,1,0,"29-06-2013",86,23,0,11,2,1,3,1,1,0,3,5,0,0,0,0,0,0,3,11,0
"242",4174,1956,"Master","Together",55249,0,1,"17-04-2014",81,97,1,19,2,0,11,1,2,1,4,3,0,0,0,0,0,0,3,11,0
"243",11086,1984,"Basic","Single",25707,1,0,"18-01-2014",18,1,6,2,3,6,3,1,1,0,3,7,0,0,0,0,0,0,3,11,0
"244",10833,1975,"Graduation","Married",65106,0,1,"24-05-2014",55,790,19,133,12,0,19,3,8,3,13,6,0,1,0,0,0,0,3,11,0
"245",2931,1978,"Graduation","Divorced",71847,0,0,"21-09-2012",95,737,21,106,55,63,210,0,6,7,9,3,0,0,0,1,0,0,3,11,0
"246",907,1975,"Graduation","Married",46149,0,1,"29-11-2013",36,254,6,71,4,0,27,5,5,1,7,5,0,0,0,0,0,0,3,11,0
"247",5043,1951,"Basic","Married",26997,0,0,"05-11-2012",89,7,23,78,133,49,144,2,4,2,5,7,0,0,0,0,0,0,3,11,0
"248",378,1971,"Graduation","Married",52531,0,0,"30-12-2012",68,283,112,151,51,72,125,2,7,2,10,6,0,0,0,0,0,0,3,11,0
"249",1663,1978,"PhD","Together",34043,1,0,"25-10-2013",97,20,2,14,3,0,10,1,2,0,2,9,0,0,0,0,0,0,3,11,0
"250",6024,1953,"Graduation","Together",94384,0,0,"04-03-2013",62,1111,24,790,160,45,172,0,5,8,5,2,0,1,1,1,0,0,3,11,1
"251",3099,1970,"Graduation","Divorced",44267,1,1,"25-02-2013",48,183,5,65,3,5,49,5,5,2,4,9,0,0,0,0,0,0,3,11,0
"252",6055,1979,"Graduation","Married",71626,0,0,"01-11-2012",94,546,72,376,94,145,72,1,5,5,8,3,0,1,0,0,0,0,3,11,0
"253",3972,1976,"Graduation","Together",50200,1,1,"03-04-2013",70,266,6,51,8,6,64,6,7,1,5,8,0,0,0,0,0,0,3,11,0
"254",8789,1989,"2n Cycle","Married",59060,1,0,"11-01-2014",77,35,40,111,36,40,12,3,3,1,7,4,0,0,0,0,0,0,3,11,0
"255",6197,1962,"PhD","Single",27238,1,1,"20-04-2013",39,37,0,17,0,0,3,3,3,0,3,9,0,0,0,0,0,0,3,11,0
"256",4554,1965,"Graduation","Together",47009,0,1,"01-10-2013",89,171,45,73,59,10,90,4,3,2,8,4,0,0,0,0,0,0,3,11,0
"257",10377,1958,"Master","Together",46692,0,1,"06-06-2013",37,170,6,97,24,12,88,3,6,1,5,6,0,0,0,0,0,0,3,11,0
"258",6398,1974,"Basic","Married",18393,1,0,"29-03-2014",2,7,10,13,16,0,4,2,3,0,3,8,0,0,0,0,0,0,3,11,0
"259",2535,1978,"Master","Married",88097,1,0,"18-08-2012",24,163,0,480,0,126,75,1,6,5,8,9,0,1,1,1,0,0,3,11,1
"260",9495,1982,"Graduation","Together",71853,0,0,"08-05-2013",29,358,108,413,141,97,32,1,2,8,6,1,0,0,0,0,0,0,3,11,0
"261",979,1975,"Graduation","Single",33249,1,0,"20-02-2013",11,6,10,21,19,14,42,2,2,1,3,6,0,0,0,0,0,0,3,11,0
"262",2407,1982,"Graduation","Married",69109,0,0,"09-11-2012",10,823,25,459,124,29,95,1,6,6,7,4,0,0,1,0,0,0,3,11,1
"263",3834,1962,"Graduation","Single",69627,0,1,"17-03-2013",35,231,161,215,171,30,53,2,8,2,11,5,0,0,0,0,0,0,3,11,0
"264",2674,1958,"Master","Single",75154,0,1,"04-09-2012",79,543,10,205,160,143,82,1,6,3,6,3,0,0,0,0,0,0,3,11,1
"265",4096,1968,"Master","Divorced",41335,1,0,"26-12-2013",24,112,19,21,16,14,5,3,4,1,4,7,0,0,0,0,0,0,3,11,0
"266",10476,1958,"Graduation","Married",67267,0,1,"13-05-2014",0,134,11,59,15,2,30,1,3,2,5,2,0,0,0,0,0,0,3,11,0
"267",5948,1975,"Graduation","Single",57338,0,1,"29-04-2014",96,143,6,52,11,8,17,2,4,1,5,5,0,0,0,0,0,0,3,11,0
"268",9140,1960,"2n Cycle","Together",50523,1,1,"25-12-2013",89,51,4,24,4,7,1,2,2,0,4,6,0,0,0,0,0,0,3,11,0
"269",5675,1960,"PhD","Divorced",50611,0,1,"04-10-2012",98,459,0,24,6,0,4,6,4,5,7,6,0,1,0,0,0,0,3,11,0
"270",4743,1969,"PhD","Married",56242,0,1,"03-03-2013",72,689,8,167,11,8,88,5,8,4,11,6,0,0,0,0,0,0,3,11,0
"271",8805,1960,"Graduation","Single",48904,0,1,"02-12-2012",1,283,10,38,0,13,27,4,7,2,4,8,0,0,0,0,0,0,3,11,0
"272",2589,1972,"Graduation","Divorced",26759,1,0,"07-02-2014",65,25,3,16,8,5,2,2,2,1,3,6,0,0,0,0,0,0,3,11,0
"273",8783,1950,"Graduation","Married",57045,0,1,"08-09-2012",40,296,13,104,11,13,17,3,4,2,9,3,0,0,0,0,0,0,3,11,0
"274",4310,1944,"Graduation","Married",80589,0,0,"22-01-2014",25,507,93,520,242,40,26,1,5,10,5,1,0,0,0,1,0,0,3,11,1
"275",2678,1990,"Graduation","Single",34412,1,0,"13-02-2013",62,52,12,50,4,36,55,3,5,0,3,9,0,0,0,0,0,0,3,11,0
"276",5654,1972,"Graduation","Married",36026,2,1,"16-03-2014",34,20,4,10,6,4,17,2,2,0,3,6,0,0,0,0,0,0,3,11,0
"277",5824,1972,"PhD","Together",34578,2,1,"11-04-2014",1,7,0,1,0,0,0,1,1,0,2,6,0,0,0,0,0,0,3,11,0
"278",1362,1972,"Graduation","Single",31907,0,0,"04-03-2013",75,33,87,64,175,16,74,1,6,1,6,7,0,0,0,0,0,0,3,11,0
"279",574,1964,"Graduation","Married",42523,0,0,"23-04-2014",96,14,36,11,3,26,35,1,1,1,4,2,0,0,0,0,0,0,3,11,0
"280",5967,1952,"Graduation","Together",33402,1,1,"18-07-2013",60,26,2,19,10,5,8,3,2,1,3,8,0,0,0,0,0,0,3,11,0
"281",5788,1972,"Graduation","Together",46053,1,0,"17-02-2013",46,56,10,92,19,7,25,3,3,2,4,5,0,0,0,0,0,0,3,11,0
"282",4399,1969,"Graduation","Together",68695,0,0,"25-06-2014",3,458,81,356,106,50,40,1,4,4,7,2,0,0,0,0,0,0,3,11,0
"283",7196,1950,"PhD","Married",41145,1,1,"08-02-2014",20,9,0,3,0,0,1,1,0,0,3,3,0,0,0,0,0,0,3,11,0
"284",4070,1969,"PhD","Married",94871,0,2,"01-09-2012",99,169,24,553,188,0,144,1,8,5,4,7,0,1,1,0,0,0,3,11,1
"285",3697,1954,"Graduation","Together",39898,0,1,"12-02-2013",20,69,8,26,12,7,12,2,3,0,4,7,0,0,0,0,0,0,3,11,0
"286",5868,1980,"Graduation","Married",19107,1,0,"22-08-2013",49,2,4,9,10,5,16,2,1,0,3,7,0,0,0,0,0,0,3,11,0
"287",9743,1955,"Graduation","Married",76998,0,1,"11-01-2013",85,1449,89,161,69,35,107,2,11,8,8,6,0,0,1,0,0,0,3,11,0
"288",4093,1975,"Master","Together",53253,1,1,"11-02-2013",61,216,9,57,20,9,125,7,4,3,5,5,0,0,0,0,0,0,3,11,0
"289",3594,1973,"Master","Married",54108,1,1,"05-11-2012",74,539,6,91,8,6,97,13,8,2,9,8,0,0,0,0,0,0,3,11,0
"290",3584,1955,"PhD","Single",49667,0,0,"20-08-2012",35,1181,26,120,17,13,39,2,5,10,5,8,1,0,0,0,0,0,3,11,1
"291",3967,1971,"PhD","Married",78931,0,0,"25-10-2013",19,331,197,170,58,152,35,1,2,8,13,1,0,0,0,0,0,0,3,11,0
"292",9264,1986,"Graduation","Married",79529,0,0,"27-04-2014",1,423,42,706,73,197,197,1,4,8,9,2,0,0,0,0,0,0,3,11,0
"293",10380,1972,"Master","Married",37787,1,0,"20-09-2013",50,40,1,40,4,3,18,1,3,0,3,8,0,0,0,0,0,0,3,11,0
"294",3887,1970,"Graduation","Single",27242,1,0,"11-11-2012",2,3,17,26,20,1,39,2,2,0,3,9,0,0,0,0,0,0,3,11,1
"295",10795,1973,"PhD","Married",37401,1,0,"06-05-2014",14,19,3,19,3,1,3,2,2,0,3,7,0,0,0,0,0,0,3,11,0
"296",11110,1973,"Graduation","Single",3502,1,0,"13-04-2013",56,2,1,1,0,0,1,0,0,0,0,14,0,0,0,0,0,0,3,11,0
"297",202,1948,"PhD","Widow",82032,0,0,"05-04-2014",54,332,194,377,149,125,57,0,4,6,7,1,0,0,0,0,0,0,3,11,0
"298",1079,1971,"PhD","Married",71969,0,1,"16-10-2012",59,1000,0,76,0,0,10,3,3,4,9,8,0,1,0,0,0,0,3,11,0
"299",8920,1967,"Master","Single",59235,1,0,"12-01-2013",4,448,40,469,80,0,91,3,11,2,12,7,0,0,0,0,0,0,3,11,0
"300",6678,1989,"Graduation","Together",31928,1,0,"28-03-2014",5,33,4,24,4,2,5,2,3,0,4,7,0,0,0,0,0,0,3,11,0
"301",10212,1986,"Master","Together",42386,1,0,"13-01-2013",43,65,4,16,0,4,11,1,3,0,3,8,0,0,0,0,0,0,3,11,0
"302",4037,1976,"Graduation","Divorced",31859,1,0,"14-06-2013",77,3,1,3,8,0,5,1,1,0,2,7,0,0,0,0,0,0,3,11,0
"303",10478,1950,"PhD","Married",55517,1,1,"27-09-2012",53,483,0,108,0,6,36,5,11,1,6,9,0,0,0,0,0,0,3,11,1
"304",8135,1986,"Master","Married",27161,1,0,"28-10-2013",41,7,4,23,7,0,11,1,1,0,3,7,0,0,0,0,0,0,3,11,0
"305",4967,1960,"PhD","Together",38201,0,1,"29-03-2013",19,233,0,23,0,0,12,4,5,1,5,8,0,0,0,0,0,0,3,11,0
"306",8175,1992,"Graduation","Married",34935,0,0,"21-06-2013",71,34,4,66,3,10,20,1,2,1,4,7,0,0,0,0,0,0,3,11,0
"307",6257,1976,"Master","Single",60482,0,1,"23-01-2013",81,255,43,134,37,14,24,1,7,2,7,7,0,0,0,0,0,0,3,11,0
"308",3790,1956,"Graduation","Together",34633,2,1,"23-01-2014",31,8,1,5,0,0,1,1,1,0,2,6,0,0,0,0,0,0,3,11,0
"309",3503,1950,"Graduation","Divorced",82460,0,0,"02-12-2013",78,255,47,573,52,32,15,1,5,3,6,1,0,0,0,0,0,0,3,11,0
"310",5892,1980,"Graduation","Married",34968,1,0,"10-04-2013",11,158,6,45,8,2,2,7,3,2,5,7,0,0,0,0,0,0,3,11,0
"311",4971,1962,"PhD","Together",31497,0,1,"06-12-2012",22,108,1,28,13,1,4,2,3,1,4,8,0,0,0,0,0,0,3,11,0
"312",1131,1967,"PhD","Single",52569,0,1,"05-04-2014",54,85,0,3,0,0,7,1,2,0,4,3,0,0,0,0,0,0,3,11,0
"313",7022,1971,"Graduation","Married",76445,1,0,"28-09-2012",2,739,107,309,140,80,35,1,2,5,13,6,0,0,0,0,0,0,3,11,0
"314",2565,1955,"Master","Divorced",70638,0,0,"01-06-2013",69,1016,12,215,16,12,63,1,4,5,10,3,0,1,0,0,0,0,3,11,0
"315",4480,1973,"Master","Married",60432,0,1,"09-03-2014",61,365,3,15,4,3,11,5,7,2,5,6,0,0,0,0,0,0,3,11,0
"316",3011,1965,"Graduation","Married",69139,0,1,"27-01-2014",23,86,12,75,33,15,6,1,4,1,5,4,0,0,0,0,0,0,3,11,0
"317",8286,1965,"PhD","Together",51717,0,1,"20-08-2013",55,98,1,17,0,1,5,1,3,0,4,7,0,1,0,0,0,0,3,11,0
"318",8041,1971,"PhD","Widow",47111,0,1,"08-09-2012",35,595,71,153,120,112,41,6,3,2,10,9,0,0,0,0,0,0,3,11,0
"319",252,1963,"PhD","Divorced",41003,0,0,"17-03-2013",11,123,133,142,71,44,88,1,6,2,8,6,0,0,0,0,0,0,3,11,0
"320",3859,1947,"PhD","Together",73059,0,1,"31-08-2013",36,410,112,420,0,82,71,1,9,3,13,4,0,0,0,0,0,0,3,11,0
"321",10785,1969,"Graduation","Married",44078,1,1,"19-06-2014",17,24,1,10,2,0,4,2,2,0,3,5,0,0,0,0,0,0,3,11,0
"322",6866,1969,"Master","Together",35924,1,1,"23-03-2014",56,8,0,14,2,3,7,1,1,0,3,5,0,0,0,0,0,0,3,11,0
"323",2781,1981,"Graduation","Single",72066,0,0,"23-06-2014",55,1003,34,536,134,51,34,1,4,6,6,2,0,0,1,1,0,0,3,11,1
"324",6457,1976,"Graduation","Divorced",64892,0,1,"29-05-2014",77,527,24,230,32,24,65,2,6,4,12,4,0,0,0,0,0,0,3,11,0
"325",8299,1989,"PhD","Single",33996,0,0,"11-09-2013",46,40,2,15,8,0,6,1,1,1,3,4,0,0,0,0,0,0,3,11,0
"326",5299,1970,"PhD","Married",69084,1,0,"19-11-2013",43,1181,107,199,39,30,30,2,7,3,13,8,0,0,0,0,0,0,3,11,0
"327",3433,1955,"2n Cycle","Married",72635,0,0,"03-06-2013",54,390,22,323,104,35,107,1,6,8,6,3,0,0,0,1,0,0,3,11,0
"328",4712,1991,"2n Cycle","Together",20193,0,0,"28-11-2012",18,8,8,22,24,11,9,1,1,1,4,4,0,0,0,0,0,0,3,11,0
"329",4065,1976,"PhD","Married",49544,1,0,"12-02-2013",0,308,0,73,0,0,23,2,5,1,8,7,0,0,0,0,0,0,3,11,0
"330",1215,1978,"Graduation","Together",70440,0,0,"08-10-2013",49,690,117,499,76,102,88,1,5,10,7,3,0,0,0,1,0,0,3,11,0
"331",7788,1983,"PhD","Married",23536,1,0,"04-06-2014",53,6,0,3,0,0,1,1,0,0,3,3,0,0,0,0,0,0,3,11,0
"332",295,1989,"Graduation","Single",81217,0,0,"19-07-2013",77,493,70,324,146,40,84,1,3,7,11,1,0,0,0,0,0,0,3,11,0
"333",7732,1978,"Graduation","Married",64813,1,0,"02-01-2014",81,293,0,124,179,97,52,1,7,2,10,5,0,0,0,0,0,0,3,11,0
"334",7396,1966,"Graduation","Married",80398,0,0,"10-11-2012",92,342,51,936,207,35,26,1,5,8,12,3,0,0,1,0,0,0,3,11,0
"335",4055,1992,"Basic","Single",18746,1,0,"29-05-2014",41,2,10,11,12,9,20,2,3,0,3,6,0,0,0,0,0,0,3,11,0
"336",10340,1984,"Graduation","Together",35196,1,0,"13-11-2012",68,75,12,141,43,39,187,6,6,1,5,8,0,0,0,0,0,0,3,11,0
"337",1381,1982,"PhD","Single",38513,1,0,"28-01-2014",20,172,3,115,16,0,18,5,6,1,5,8,0,0,0,0,0,0,3,11,1
"338",8605,1964,"PhD","Together",46910,1,1,"23-03-2014",36,48,0,14,0,0,6,2,2,0,3,6,0,0,0,0,0,0,3,11,0
"339",4351,1955,"Graduation","Divorced",37244,1,1,"27-04-2013",90,18,2,10,0,0,25,1,1,1,2,7,1,0,0,0,0,0,3,11,0
"340",2499,1958,"2n Cycle","Single",75342,0,1,"06-05-2013",38,204,97,97,21,118,26,1,5,2,10,4,0,0,0,0,0,0,3,11,0
"341",10556,1959,"Graduation","Married",54984,0,1,"24-05-2014",51,173,13,131,32,3,6,4,6,1,6,7,0,0,0,1,0,0,3,11,0
"342",48,1964,"Graduation","Together",55761,0,1,"24-04-2014",97,136,1,12,0,3,32,2,4,1,3,6,0,1,0,0,0,0,3,11,0
"343",3571,1961,"PhD","Together",63342,0,1,"16-10-2012",48,918,21,118,13,10,21,3,8,3,5,6,0,1,0,0,0,0,3,11,1
"344",5247,1955,"PhD","Married",38725,1,1,"10-05-2014",52,31,0,6,2,1,5,2,1,0,4,4,0,0,0,0,0,0,3,11,0
"345",2797,1977,"Graduation","Married",72117,0,1,"20-08-2013",34,707,20,171,65,60,50,1,9,7,9,5,0,0,0,0,0,0,3,11,0
"346",8312,1961,"Basic","Married",28249,0,0,"15-06-2014",80,1,9,7,2,14,10,1,2,0,3,6,0,0,0,0,0,0,3,11,0
"347",8910,1955,"Graduation","Together",42586,1,1,"29-10-2012",7,194,2,56,0,0,0,5,4,1,6,8,0,0,0,0,0,0,3,11,1
"348",1419,1950,"Graduation","Together",34026,1,1,"05-08-2013",11,18,6,15,12,8,17,3,2,1,3,5,0,0,0,0,0,0,3,11,0
"349",2831,1976,"Graduation","Together",78416,0,1,"27-06-2014",99,453,38,279,188,38,183,2,7,7,10,3,0,0,0,0,0,0,3,11,0
"350",9284,1958,"Graduation","Together",53977,0,1,"08-06-2013",21,620,16,165,0,24,82,5,5,5,12,5,0,0,0,0,0,0,3,11,0
"351",1619,1956,"Graduation","Married",90369,0,0,"28-04-2014",2,292,51,981,224,23,17,1,4,6,6,1,0,0,0,0,0,0,3,11,1
"352",1990,1974,"PhD","Single",63159,0,0,"05-11-2012",74,965,34,586,89,86,37,1,3,5,8,3,1,0,0,0,0,0,3,11,0
"353",5513,1966,"Graduation","Together",37758,1,1,"04-10-2012",49,27,2,10,0,0,1,2,1,0,3,8,0,0,0,0,0,0,3,11,0
"354",2549,1983,"PhD","Together",21840,1,0,"21-07-2013",80,17,0,9,0,0,1,1,1,0,3,9,0,0,0,0,0,0,3,11,0
"355",10307,1956,"Graduation","Married",50387,0,2,"31-08-2013",91,369,9,87,12,14,34,3,6,2,8,5,0,0,0,0,0,0,3,11,0
"356",2415,1962,"Graduation","Together",62568,0,1,"07-04-2014",99,362,17,398,80,35,61,3,5,3,5,4,0,0,0,1,0,0,3,11,0
"357",9166,1968,"Graduation","Married",63967,0,1,"09-08-2013",57,387,84,141,73,35,162,3,4,4,12,2,0,0,0,0,0,0,3,11,0
"358",5441,1965,"PhD","Widow",54111,0,1,"25-08-2013",97,267,6,54,8,3,50,2,5,2,6,5,0,0,0,0,0,0,3,11,0
"359",4687,1958,"Master","Married",80739,0,0,"23-05-2013",92,674,92,736,39,0,92,1,3,11,9,1,0,0,0,0,0,0,3,11,0
"360",7393,1978,"Graduation","Together",41580,1,1,"10-12-2012",15,56,5,24,4,0,3,3,2,1,3,5,0,0,0,0,0,0,3,11,0
"361",9847,1955,"2n Cycle","Married",62972,0,1,"03-08-2012",39,313,15,47,20,0,192,2,7,4,3,6,0,0,0,0,0,0,3,11,0
"362",9576,1982,"PhD","Together",32313,1,0,"11-02-2013",60,86,4,56,2,4,7,3,4,0,4,9,0,0,0,0,0,0,3,11,0
"363",6906,1953,"Master","Widow",84953,0,0,"03-06-2013",73,167,48,602,63,72,72,1,3,10,4,2,0,1,1,1,0,0,3,11,1
"364",7419,1968,"Master","Divorced",27071,1,0,"23-04-2014",90,8,3,19,0,2,3,2,2,0,3,6,0,0,0,0,0,0,3,11,0
"365",4609,1966,"PhD","Married",57705,0,1,"11-01-2014",14,383,0,53,6,4,40,3,8,1,6,6,0,0,0,0,0,0,3,11,0
"366",5010,1988,"Graduation","Single",25008,1,0,"02-02-2014",72,2,8,8,6,1,9,2,1,0,3,8,0,0,0,0,0,0,3,11,0
"367",10163,1984,"PhD","Single",82733,0,0,"10-09-2013",28,712,50,420,65,38,38,1,8,4,7,4,0,0,0,0,0,0,3,11,1
"368",9029,1972,"PhD","Married",70116,0,0,"26-01-2013",73,707,44,603,95,58,29,1,2,8,12,1,0,0,0,0,0,0,3,11,0
"369",3254,1971,"Graduation","Married",70886,1,0,"14-10-2013",65,407,70,239,103,88,53,1,5,4,4,2,0,0,0,0,0,0,3,11,0
"370",3766,1959,"Master","Widow",33051,0,0,"16-08-2012",15,100,71,243,108,94,219,3,9,1,8,9,0,0,0,0,0,0,3,11,1
"371",5180,1968,"PhD","Divorced",50616,0,1,"18-04-2014",56,128,0,16,0,1,4,2,4,0,4,7,0,0,0,0,0,0,3,11,0
"372",7679,1985,"PhD","Single",30298,0,0,"19-05-2014",48,6,3,12,6,1,0,1,1,1,3,3,0,0,0,0,0,0,3,11,0
"373",5113,1971,"PhD","Divorced",86979,0,0,"07-11-2013",67,584,100,835,65,83,35,1,5,5,5,2,1,0,0,0,0,0,3,11,1
"374",1743,1974,"Graduation","Single",69719,0,0,"26-05-2014",99,273,86,208,177,14,43,1,2,3,5,1,0,0,0,0,0,0,3,11,0
"375",3265,1959,"Graduation","Married",35701,0,0,"19-03-2013",36,21,1,9,7,3,5,1,1,0,3,6,0,0,0,0,0,0,3,11,0
"376",5832,1960,"2n Cycle","Together",92556,0,0,"20-04-2014",32,493,183,352,184,23,28,0,3,5,13,0,0,0,0,0,0,0,3,11,0
"377",5831,1967,"Graduation","Married",77870,0,1,"22-08-2012",93,1017,50,500,65,50,133,3,5,5,5,8,0,1,0,1,0,0,3,11,1
"378",7966,1959,"Graduation","Single",80982,1,1,"08-01-2013",48,505,137,401,104,22,22,3,11,5,11,5,0,0,0,0,0,1,3,11,0
"379",7007,1968,"Master","Married",29543,2,0,"01-04-2014",47,17,3,18,3,4,18,2,3,1,2,7,0,0,0,0,0,0,3,11,0
"380",1403,1975,"2n Cycle","Together",34984,1,1,"06-09-2012",40,8,4,15,3,5,3,2,1,0,3,7,0,0,0,0,0,0,3,11,0
"381",9291,1959,"Master","Married",34242,0,1,"23-03-2014",25,8,2,4,0,0,1,1,0,0,3,5,0,0,0,0,0,0,3,11,0
"382",10413,1984,"Graduation","Married",72570,0,0,"25-04-2014",67,274,83,216,151,141,224,1,4,6,12,1,0,0,0,0,0,0,3,11,0
"383",5626,1964,"PhD","Single",61798,0,0,"23-11-2013",13,338,4,89,11,8,13,1,4,2,9,4,0,0,0,0,0,0,3,11,0
"384",3009,1962,"PhD","Widow",71670,0,0,"09-07-2013",8,1462,16,128,0,0,160,1,5,3,6,6,0,1,1,0,1,0,3,11,1
"385",6203,1947,"Graduation","Together",74485,0,0,"24-08-2013",58,499,149,815,173,49,49,1,6,7,12,3,0,0,0,0,0,0,3,11,0
"386",9507,1975,"Graduation","Married",40794,0,1,"07-04-2013",18,261,23,73,4,23,50,2,6,3,5,7,0,0,0,0,0,0,3,11,0
"387",9289,1979,"Graduation","Married",36781,1,0,"10-04-2014",16,29,1,17,0,3,13,1,2,1,2,8,0,0,0,0,0,0,3,11,1
"388",10913,1984,"Master","Single",31385,1,0,"05-12-2012",56,3,2,12,0,1,9,1,1,0,2,8,1,0,0,0,0,0,3,11,1
"389",4470,1962,"Master","Married",58646,0,1,"10-06-2013",3,62,1,44,6,5,22,1,2,1,4,4,0,0,0,0,0,0,3,11,0
"390",1406,1975,"Graduation","Single",53201,1,1,"12-02-2013",49,280,7,81,20,0,27,8,6,3,5,7,0,0,0,0,0,0,3,11,0
"391",8619,1957,"Graduation","Together",21994,0,1,"24-12-2012",4,9,0,6,3,1,3,1,0,0,3,5,0,0,0,0,0,0,3,11,0
"392",898,1986,"Graduation","Married",23477,1,0,"21-10-2013",39,38,15,54,3,8,29,3,3,0,4,8,0,0,0,0,0,0,3,11,0
"393",5370,1973,"PhD","Married",32644,1,0,"16-01-2013",38,239,3,141,0,7,23,4,7,1,6,8,1,0,0,0,0,0,3,11,0
"394",176,1980,"2n Cycle","Single",67506,0,1,"02-01-2014",73,90,38,67,33,36,67,1,4,1,6,3,0,0,0,0,0,0,3,11,0
"395",9923,1972,"Master","Single",46423,1,1,"18-09-2013",6,68,0,16,0,0,8,3,2,0,4,7,0,0,0,0,0,0,3,11,0
"396",405,1964,"Graduation","Divorced",41638,0,1,"13-02-2013",68,315,0,31,4,0,91,4,5,5,3,8,1,0,0,0,0,0,3,11,0
"397",1951,1981,"Basic","Married",34445,0,0,"27-01-2013",92,228,122,122,208,129,30,6,11,2,8,9,0,0,0,0,0,0,3,11,0
"398",3262,1958,"Graduation","Single",68281,0,0,"07-08-2012",31,995,112,417,42,48,41,1,2,9,13,5,0,0,0,0,0,0,3,11,1
"399",9829,1978,"Graduation","Together",28587,1,0,"12-02-2014",42,22,4,17,12,10,13,3,2,0,4,6,0,0,0,0,0,0,3,11,0
"400",7861,1952,"Master","Married",77027,0,1,"05-02-2014",23,820,57,242,45,0,11,2,8,3,6,4,0,0,0,0,0,0,3,11,0
"401",153,1953,"Graduation","Divorced",23272,0,0,"17-10-2013",29,19,3,6,4,2,12,1,1,0,3,4,0,0,0,0,0,0,3,11,0
"402",9119,1950,"Graduation","Together",60905,0,1,"05-12-2013",27,208,17,76,36,17,38,2,3,3,7,2,0,0,0,0,0,0,3,11,0
"403",6568,1984,"Graduation","Married",38680,1,0,"28-03-2013",97,11,0,36,15,5,12,1,2,0,3,7,0,0,0,0,0,0,3,11,0
"404",5454,1979,"Master","Married",45057,1,0,"01-12-2013",80,37,0,7,3,0,3,1,2,0,3,5,0,0,0,0,0,0,3,11,0
"405",1071,1976,"PhD","Divorced",70179,0,1,"21-07-2013",10,532,88,168,69,44,133,3,7,3,13,5,0,0,0,0,0,0,3,11,0
"406",10061,1950,"Graduation","Married",59462,0,1,"05-01-2013",29,724,17,143,0,8,196,2,9,2,12,7,0,0,0,0,0,0,3,11,0
"407",2345,1982,"PhD","Together",70038,0,0,"25-10-2013",54,587,54,348,71,54,130,1,4,4,8,2,0,0,0,0,0,0,3,11,0
"408",5396,1988,"Graduation","Married",68487,0,0,"13-01-2013",48,758,12,385,33,89,89,1,9,7,13,4,0,0,0,0,0,0,3,11,0
"409",7901,1971,"Master","Married",34109,0,1,"06-11-2013",39,9,1,5,2,1,4,1,0,0,3,4,0,0,0,0,0,0,3,11,0
"410",2686,1969,"Basic","Together",22390,0,0,"21-10-2013",49,0,1,4,15,1,5,1,1,0,2,7,0,0,0,0,0,0,3,11,0
"411",7428,1975,"Graduation","Together",80144,0,0,"30-09-2013",47,240,132,445,250,192,108,1,3,7,8,1,0,0,0,0,0,0,3,11,0
"412",3422,1975,"Graduation","Married",76068,0,1,"29-11-2012",67,1115,12,128,33,12,76,1,2,3,4,6,0,1,0,0,1,0,3,11,0
"413",6544,1949,"PhD","Together",67911,0,1,"22-05-2014",63,529,0,356,63,28,0,3,6,7,11,3,0,0,0,0,0,0,3,11,0
"414",5802,1972,"Basic","Married",14188,0,0,"28-02-2013",40,2,7,11,16,12,27,1,2,0,4,6,0,0,0,0,0,0,3,11,0
"415",1008,1981,"PhD","Together",44953,0,0,"21-12-2012",31,728,17,133,11,8,124,1,7,3,13,6,1,0,0,0,0,0,3,11,0
"416",1916,1954,"Master","Married",45736,0,1,"24-07-2013",92,188,3,180,20,3,43,5,7,1,6,7,0,0,0,0,0,0,3,11,0
"417",10067,1976,"2n Cycle","Together",25176,1,1,"10-08-2013",79,4,0,4,0,0,5,1,1,0,2,7,0,0,0,0,0,0,3,11,0
"418",2948,1954,"Master","Divorced",62637,0,1,"01-03-2014",76,104,12,48,4,12,5,1,2,2,5,2,0,0,0,0,0,0,3,11,0
"419",9790,1957,"Graduation","Single",78499,0,0,"23-11-2013",12,912,72,170,47,36,97,1,11,3,4,4,0,0,1,0,0,0,3,11,1
"420",1818,1971,"PhD","Together",29732,1,0,"25-03-2014",23,25,0,8,0,1,4,1,2,0,2,9,0,0,0,0,0,0,3,11,0
"421",10609,1962,"PhD","Married",42769,0,1,"12-10-2013",15,71,0,13,3,1,0,2,1,1,4,4,0,0,0,0,0,0,3,11,0
"422",902,1980,"Graduation","Together",62994,1,0,"04-03-2014",74,224,12,48,4,12,12,1,6,2,4,6,0,0,0,0,0,0,3,11,0
"423",9706,1974,"PhD","Single",31560,1,0,"24-06-2013",98,62,1,20,4,0,7,2,2,1,3,8,0,0,0,0,0,0,3,11,0
"424",9362,1965,"Graduation","Single",69263,0,1,"05-03-2014",14,492,5,32,13,5,21,1,9,1,7,6,0,1,0,0,0,0,3,11,0
"425",2829,1955,"Graduation","Married",65210,0,1,"10-03-2014",25,626,0,70,0,7,28,2,9,3,8,6,0,1,0,1,0,0,3,11,0
"426",8207,1957,"2n Cycle","Married",53233,0,1,"18-03-2014",18,28,0,9,3,0,0,1,1,0,3,4,0,0,0,0,0,0,3,11,0
"427",1646,1972,"Basic","Married",25224,1,0,"16-03-2014",36,4,9,12,11,2,8,2,1,1,3,3,0,0,0,0,0,0,3,11,0
"428",4418,1983,"Master","Single",89616,0,0,"25-02-2013",36,671,47,655,145,111,15,1,7,5,12,2,0,0,0,0,0,0,3,11,1
"429",7118,1957,"Graduation","Married",73803,0,1,"01-08-2012",61,833,80,363,52,26,174,2,9,5,6,6,1,0,0,0,0,0,3,11,1
"430",2980,1952,"Master","Single",8820,1,1,"22-03-2013",52,12,0,13,4,2,4,4,3,0,3,8,0,0,0,0,0,0,3,11,0
"431",9014,1975,"Graduation","Married",37085,1,1,"26-06-2014",65,39,1,16,2,0,3,4,3,0,3,8,0,0,0,0,0,0,3,11,0
"432",7620,1990,"Basic","Single",16185,1,0,"05-08-2013",71,5,11,16,21,8,45,2,2,2,2,8,0,0,0,0,0,0,3,11,0
"433",1876,1990,"Graduation","Married",18929,0,0,"16-02-2013",15,32,0,8,23,4,18,1,1,0,4,6,0,0,0,0,0,0,3,11,0
"434",5959,1968,"Graduation","Single",35893,1,1,"15-10-2012",80,158,0,23,0,0,18,6,3,1,5,8,0,0,0,0,0,0,3,11,0
"435",10469,1981,"Graduation","Together",88325,0,0,"05-02-2014",42,519,71,860,93,27,53,1,6,2,9,2,0,0,0,0,0,0,3,11,0
"436",9303,1976,"Graduation","Married",5305,0,1,"30-07-2013",12,12,4,7,1,3,5,0,1,0,0,13,0,0,0,0,0,0,3,11,0
"437",736,1983,"Graduation","Together",28427,1,0,"21-03-2013",67,18,3,19,3,3,6,2,2,0,3,8,0,0,0,0,0,0,3,11,0
"438",9589,1948,"PhD","Widow",82032,0,0,"05-04-2014",54,332,194,377,149,125,57,0,4,6,7,1,0,0,0,0,0,0,3,11,0
"439",9817,1970,"Master","Single",44802,0,0,"21-08-2012",71,853,10,143,13,10,20,2,9,4,12,8,0,0,0,0,0,0,3,11,0
"440",10870,1967,"Graduation","Married",61223,0,1,"13-06-2013",46,709,43,182,42,118,247,2,9,3,4,5,0,0,0,0,0,0,3,11,0
